Date_Checked,Seed_Keyword,Long_Tail_Keyword,Autocomplete_Rank
2026-05-19,gay shifter,gay shifter romance m/m,1
2026-05-19,gay shifter,gay shifter books,1
2026-05-19,mm omegaverse,mm omegaverse mpreg romance free,1
2026-05-19,mm omegaverse,mm omegaverse audiobooks,1
2026-05-19,mm omegaverse,mm omegaverse books,1
2026-05-19,mm omegaverse,mm omegaverse college romance,1
2026-05-19,mm omegaverse,mm omegaverse dark,1
2026-05-19,mm omegaverse,mm omegaverse grumpy,1
2026-05-19,mm omegaverse,mm omegaverse hockey,1
2026-05-19,mm omegaverse,mm omegaverse kindle,1
2026-05-19,mm omegaverse,mm why choose omegaverse,1
2026-05-19,mm omegaverse,mm omegaverse paperback,1
2026-05-19,gay viking,gay viking romance,1
2026-05-19,gay viking,gay viking costume,1
2026-05-19,gay monster romance,gay monster romance m/m,1
2026-05-19,mm paranormal,mm paranormal fated mates knotting,1
2026-05-19,mm paranormal,mm paranormal books,1
2026-05-19,mm paranormal,mm paranormal dark romance,1
2026-05-19,mm paranormal,mm paranormal fantasy,1
2026-05-19,mm paranormal,mm paranormal gay romance,1
2026-05-19,mm paranormal,mm paranormal mystery romance,1
2026-05-19,mm paranormal,mm paranormal romance free,1
2026-05-19,mm paranormal,mm paranormal size difference,1
2026-05-19,mm paranormal,mm paranormal vampire romance,1
2026-05-19,mm paranormal,mm paranormal wolf romance,1
